"","P","H","rep","JC","volume","error"
"1",0.1,0,1,55.016044638424,110.499956186037,0.0140894976000343
"2",0.1,0,2,55.7262567321019,64.8098507179699,0.0106805080629755
"3",0.1,0,3,52.7275834476842,89.535156297001,0.0121748566532475
"4",0.1,0,4,60.7766538427001,57.2101028167502,0.0075891074684531
"5",0.1,0,5,68.2733370537443,78.8642888660557,0.00988783334210925
"6",0.1,0,6,49.4921727987072,51.9557915912364,0.0131186238506148
"7",0.1,0,7,63.7753271271178,56.017902907295,0.0144505452123516
"8",0.1,0,8,42.784614136194,87.3621893283239,0.0152108293285801
"9",0.1,0,9,56.8310311000452,35.3963780547575,0.0111064079285429
"10",0.1,0,10,54.9371321835709,76.2448550127244,0.0142039121363861
"11",0.1,0.1,1,61.2501285718187,110.607374105394,0.0132556479110108
"12",0.1,0.1,2,57.2255933743107,49.2970914338418,0.0103077505741838
"13",0.1,0.1,3,61.3290410266718,-4.00873490764195,0.0135170987417033
"14",0.1,0.1,4,56.9099435548983,127.772182794574,0.0155407350360628
"15",0.1,0.1,5,61.5657783912311,5.14796911010512,0.00981811242065924
"16",0.1,0.1,6,60.2242666587284,58.8857274904133,0.0119947411944458
"17",0.1,0.1,7,69.1413740571284,40.542138424785,0.0109332508315554
"18",0.1,0.1,8,66.6161755018293,114.577405587819,0.0150641738656729
"19",0.1,0.1,9,67.0896502309479,105.336762251251,0.0147439226383324
"20",0.1,0.1,10,79.3210807331779,6.19504918957944,0.00945895330587371
"21",0.1,0.2,1,70.3250608799248,85.5740924464993,0.0145549566701518
"22",0.1,0.2,2,83.5823532952451,13.5966826677789,0.00718510358320373
"23",0.1,0.2,3,62.5916403043213,74.260854714378,0.014341906952526
"24",0.1,0.2,4,76.0856700842009,62.6942967631861,0.0168882680373093
"25",0.1,0.2,5,93.8409724261478,8.23926734245964,0.00693100912733794
"26",0.1,0.2,6,69.7726736959532,30.8496192610891,0.00989420958414354
"27",0.1,0.2,7,72.6135220706646,29.1873357996419,0.0122711971389971
"28",0.1,0.2,8,72.929171890077,51.758322780129,0.0088996127233279
"29",0.1,0.2,9,73.4815590740487,56.3578626944364,0.00923542891301967
"30",0.1,0.2,10,66.7740004115355,53.197651071235,0.0107591347370978
"31",0.1,0.3,1,90.1320870480522,56.0701244309291,0.0112141490620338
"32",0.1,0.3,2,76.7958821778788,74.0504366294909,0.015076774194259
"33",0.1,0.3,3,76.4013199036133,120.076716070474,0.0155912464781971
"34",0.1,0.3,4,78.1373939103814,15.4197455880931,0.0117457996788454
"35",0.1,0.3,5,88.6327504058434,26.6429632802417,0.0100350167358368
"36",0.1,0.3,6,99.6804940852769,7.32735865757809,0.00738016758402043
"37",0.1,0.3,7,79.399993188031,75.609750837634,0.0123867270404029
"38",0.1,0.3,8,68.9046366925691,59.5007815958076,0.0151733274386792
"39",0.1,0.3,9,83.1088785661266,20.364635266302,0.0114805318735579
"40",0.1,0.3,10,89.974262138346,16.4536272873322,0.00823158117547071
"41",0.1,0.4,1,102.915904734254,2.40192742316876,0.00655401818813531
"42",0.1,0.4,2,89.185137589815,52.5217621958097,0.00923842564148549
"43",0.1,0.4,3,88.3960130412841,23.5875931492463,0.00824584206068209
"44",0.1,0.4,4,106.309140292937,7.9307540084922,0.00669283425643293
"45",0.1,0.4,5,87.2123262184876,87.0488926946055,0.0108373336510801
"46",0.1,0.4,6,93.209672787323,91.0310973822869,0.0155716868493741
"47",0.1,0.4,7,90.6055617771708,60.3758683909503,0.00983796006117298
"48",0.1,0.4,8,99.6015816304238,37.8753405311413,0.0086504097650506
"49",0.1,0.4,9,91.631423690261,8.82216759804962,0.00674495366023694
"50",0.1,0.4,10,93.6042350615885,34.2469496733756,0.0082759240679648
"51",0.1,0.5,1,106.940439931762,21.5250962650187,0.00828759869575064
"52",0.1,0.5,2,102.679167369695,9.86730988924239,0.00943799012367176
"53",0.1,0.5,3,106.861527476909,10.3690216334241,0.00562784606642228
"54",0.1,0.5,4,92.6572856033513,28.887663285935,0.00802690264779898
"55",0.1,0.5,5,100.311793724102,27.2871383985749,0.00768542778461165
"56",0.1,0.5,6,106.38805274779,-10.1329107648539,0.00878659654707307
"57",0.1,0.5,7,114.2792982331,31.8009204641124,0.0106613618802022
"58",0.1,0.5,8,108.124126754558,16.3102588335955,0.00896351254849928
"59",0.1,0.5,9,101.416568092045,24.4267814197312,0.0111022930796763
"60",0.1,0.5,10,99.9961439046893,57.3562723978158,0.0158071610734619
"61",0.1,0.6,1,115.147335236484,-53.4034908917696,0.0132215387529527
"62",0.1,0.6,2,115.778634875309,21.9872664609284,0.00672312195581498
"63",0.1,0.6,3,131.797863210487,-13.7867581700192,0.00798611062954713
"64",0.1,0.6,4,115.384072601043,26.0549286468777,0.00870699829210453
"65",0.1,0.6,5,122.012718808703,19.2673070128814,0.00580035939573847
"66",0.1,0.6,6,118.540570795167,16.8005954544565,0.00736697178709093
"67",0.1,0.6,7,94.9457467940911,18.0418331810109,0.010970938332319
"68",0.1,0.6,8,115.541897510749,64.9419408760265,0.0117723168188837
"69",0.1,0.6,9,102.442430005135,11.2239483021337,0.00945543358906461
"70",0.1,0.6,10,113.963648413687,31.572595772593,0.00987083098069395
"71",0.1,0.7,1,111.201712493829,42.3427757938919,0.00984883008478862
"72",0.1,0.7,2,123.906617725178,33.8585658163299,0.00804456192500988
"73",0.1,0.7,3,112.937786500597,-8.32964371332679,0.0146094145306962
"74",0.1,0.7,4,128.246802742098,13.7862486740995,0.00862957619328261
"75",0.1,0.7,5,123.512055450912,-15.7935934101838,0.00949925132743145
"76",0.1,0.7,6,126.668553645036,27.3989600444712,0.00754277168109325
"77",0.1,0.7,7,119.487520253404,-21.023594638839,0.00957851546832926
"78",0.1,0.7,8,119.092957979139,41.7884518046743,0.0082796466222203
"79",0.1,0.7,9,122.249456173263,-90.9983087541606,0.015749726392783
"80",0.1,0.7,10,107.966301844852,31.3558014620178,0.00737159887448694
"81",0.1,0.8,1,115.699722420456,-30.9997539207612,0.00932627344491921
"82",0.1,0.8,2,122.328368628116,11.6363861778105,0.00622326561486133
"83",0.1,0.8,3,120.039907437376,10.0411379651762,0.0088778569334173
"84",0.1,0.8,4,122.091631263556,7.61326052952856,0.00837960027547739
"85",0.1,0.8,5,118.067096066049,76.5205116920925,0.0154666384203828
"86",0.1,0.8,6,110.649325309857,3.29695989108905,0.0111523562095435
"87",0.1,0.8,7,124.853567183415,34.9297110620713,0.00998029428571409
"88",0.1,0.8,8,126.826378554742,-85.8391437008661,0.0136566028575744
"89",0.1,0.8,9,116.173197149574,-26.5710202738757,0.0175511714017072
"90",0.1,0.8,10,121.93380635385,8.89625515642831,0.00743204252748798
"91",0.1,0.9,1,122.880755812087,17.5744574385635,0.00758324936164714
"92",0.1,0.9,2,120.829031985907,-50.8739786904932,0.0124036037534759
"93",0.1,0.9,3,122.722930902381,-96.4259095700268,0.015449346414346
"94",0.1,0.9,4,121.854893898997,-24.415739265059,0.00763592696350305
"95",0.1,0.9,5,125.800516641652,6.63927234617418,0.00594315024596918
"96",0.1,0.9,6,131.324388481369,0.79539602435581,0.00523766144392918
"97",0.1,0.9,7,126.116166461064,-43.551660703592,0.0115733271530005
"98",0.1,0.9,8,129.193752200335,-13.8342111338339,0.00704145873315555
"99",0.1,0.9,9,124.537917364002,-5.66266984427591,0.115411542799356
"100",0.1,0.9,10,127.694415558126,-16.5050698647736,0.00938559930878806
"101",0.1,1,1,119.250782888845,30.8842573448045,0.013716044691575
"102",0.1,1,2,130.140701658572,7.11669111666423,0.00676829959706495
"103",0.1,1,3,126.431816280477,-98.1072579020419,0.0152203509861526
"104",0.1,1,4,135.506748588583,-15.1260657686567,0.00936318975030593
"105",0.1,1,5,127.457678193567,-25.5961688106959,0.00749463769598362
"106",0.1,1,6,127.063115919302,21.0986223535236,0.00674695435872734
"107",0.1,1,7,129.509402019748,5.04955118242621,0.00541973648550368
"108",0.1,1,8,130.298526568279,-46.3566067077014,0.0109432573390806
"109",0.1,1,9,124.853567183415,1.1297204662323,0.00731919430279314
"110",0.1,1,10,126.273991370771,2.33947687338559,0.00724708184054
"111",0.2,0,1,52.5293136580831,154.308385926885,0.0118691838037262
"112",0.2,0,2,60.3733670528854,134.568441697138,0.0186300700094139
"113",0.2,0,3,57.1382489861026,171.010722566122,0.019321684163249
"114",0.2,0,4,65.381152553522,134.180289340721,0.0125644328768998
"115",0.2,0,5,62.1903511725854,116.143407895818,0.0102973499058951
"116",0.2,0,6,55.1439981230172,218.74806033499,0.0150323618578192
"117",0.2,0,7,58.1575327605684,161.210592401783,0.0124301011374626
"118",0.2,0,8,70.5218881116975,77.7722650250541,0.0167720150998443
"119",0.2,0,9,53.5042807467026,151.849745459607,0.0123257352050727
"120",0.2,0,10,51.8202466845417,122.532622664743,0.0162983793003869
"121",0.2,0.1,1,63.7857518630537,138.917203551503,0.0151804240360086
"122",0.2,0.1,2,75.529673612334,135.558821333743,0.0120124515236887
"123",0.2,0.1,3,64.4505021507488,123.241585467413,0.0113636556326466
"124",0.2,0.1,4,65.381152553522,135.461637301749,0.0150966770704895
"125",0.2,0.1,5,67.9072036467634,170.599626160359,0.0126268554775962
"126",0.2,0.1,6,65.0709357525976,93.2485784810769,0.0154373971017961
"127",0.2,0.1,7,65.780002726139,55.1381106109867,0.0137581700810143
"128",0.2,0.1,8,72.9149891473999,64.264653509138,0.011712713535375
"129",0.2,0.1,9,72.5161389747829,106.22175794703,0.0127648296442991
"130",0.2,0.1,10,71.1423217135463,6.92971732023261,0.0107322944187311
"131",0.2,0.2,1,83.063510206212,99.3431236853456,0.0137489364488599
"132",0.2,0.2,2,77.9227746480365,76.0876524626566,0.0132047022067733
"133",0.2,0.2,3,87.3622287333071,57.8902833957289,0.0114498643606382
"134",0.2,0.2,4,83.9941606089852,-26.9530700467917,0.0102151978565999
"135",0.2,0.2,5,81.8226430025145,61.8253294417572,0.0111757495037567
"136",0.2,0.2,6,78.1443580772682,228.086088715038,0.0183187573145376
"137",0.2,0.2,7,84.1714273523705,81.3859375188194,0.0131027692031044
"138",0.2,0.2,8,90.5087134283973,85.3883319779629,0.0113939580584872
"139",0.2,0.2,9,77.3909744178804,97.909248827713,0.0119866444066287
"140",0.2,0.2,10,86.2099949013022,176.212736065934,0.0128864731597849
"141",0.2,0.3,1,93.7881481810265,86.9270680206942,0.013237493997817
"142",0.2,0.3,2,89.9769131982412,3.01610090729025,0.0135137447293743
"143",0.2,0.3,3,91.3507304594777,104.078106391435,0.0131307431583671
"144",0.2,0.3,4,86.2986282729949,24.3787543619037,0.013358370024821
"145",0.2,0.3,5,90.9518802868607,127.695516823177,0.0149428896172645
"146",0.2,0.3,6,82.0442264317462,120.242488886451,0.0177468745532868
"147",0.2,0.3,7,88.0269790210022,17.3028642304486,0.00626960042455689
"148",0.2,0.3,8,99.9038508278215,91.239698497185,0.0118805592698387
"149",0.2,0.3,9,102.474218606909,32.3250633111047,0.00832173478883502
"150",0.2,0.3,10,92.8574977782533,10.4339909486208,0.00970449952534694
"151",0.2,0.4,1,106.46272033308,33.2430472491346,0.00814831821971433
"152",0.2,0.4,2,93.7438314951801,211.368602621181,0.0189942216864677
"153",0.2,0.4,3,104.15825266907,35.1778632889212,0.0120083606132447
"154",0.2,0.4,4,90.0212298840875,35.7208449343548,0.0146602976061942
"155",0.2,0.4,5,89.7110130831631,133.34038350204,0.0135017796692846
"156",0.2,0.4,6,106.595670390619,16.4683898686331,0.0073584707078905
"157",0.2,0.4,7,84.5702775249876,185.777596172331,0.0147408327631629
"158",0.2,0.4,8,90.0212298840875,64.5751090013475,0.0131866150492016
"159",0.2,0.4,9,95.6937656724191,26.1600767444497,0.012998223208002
"160",0.2,0.4,10,103.271918952143,22.0708342782034,0.00890237730649676
"161",0.2,0.5,1,104.867319642612,39.0578369975497,0.0112220347495377
"162",0.2,0.5,2,113.24317326757,-4.64173272153545,0.00696972705584513
"163",0.2,0.5,3,116.345341276814,40.0397027442277,0.00986608604101494
"164",0.2,0.5,4,103.8037191823,55.763311483821,0.0187628348407487
"165",0.2,0.5,5,98.795933681663,50.065397176831,0.0153997663649395
"166",0.2,0.5,6,108.988771426321,-1.83697692818924,0.0132085662053914
"167",0.2,0.5,7,113.907923555265,212.538574965321,0.0167884969306346
"168",0.2,0.5,8,119.225925856826,-23.5604448486495,0.00973263965453746
"169",0.2,0.5,9,113.065906524185,21.5887938188161,0.0127931068655396
"170",0.2,0.5,10,125.385945189468,-14.2915427376034,0.0083949305188042
"171",0.2,0.6,1,125.075728388543,69.5200787881602,0.0212554140500873
"172",0.2,0.6,2,117.010091564509,196.401744815208,0.018948187825682
"173",0.2,0.6,3,114.528357157114,67.760243331941,0.0131210187209755
"174",0.2,0.6,4,114.351090413729,50.9417309821081,0.00992618587064948
"175",0.2,0.6,5,126.848395822397,23.4334312673905,0.009172252320389
"176",0.2,0.6,6,116.03512447589,18.0333869918551,0.0084747793539408
"177",0.2,0.6,7,120.289526317138,47.0898371409394,0.0114093878031824
"178",0.2,0.6,8,122.948527467919,153.576036689697,0.0154166435872058
"179",0.2,0.6,9,121.707660264221,167.976657172592,0.0189281071168653
"180",0.2,0.6,10,123.391694326382,59.7325965778863,0.0112335559428385
"181",0.2,0.7,1,129.285813543946,-16.0276483368664,0.00809558885890319
"182",0.2,0.7,2,126.493862335626,91.3649378887927,0.0161227579504588
"183",0.2,0.7,3,111.559139205409,175.804672466178,0.0154457680948747
"184",0.2,0.7,4,128.576746570404,73.4479462986112,0.0146832574563309
"185",0.2,0.7,5,110.406905373404,-22.3365547220018,0.0124260803166652
"186",0.2,0.7,6,116.168074533429,10.7816379500953,0.0102149724939925
"187",0.2,0.7,7,108.102437709395,27.6754714187672,0.0122491347412466
"188",0.2,0.7,8,124.499611472541,-19.792563741542,0.00876128252837128
"189",0.2,0.7,9,125.297311817775,44.5883183519936,0.00921422459996136
"190",0.2,0.7,10,127.29156268086,50.0958244945023,0.0107695296422345
"191",0.2,0.8,1,133.008415155038,-23.6889900171588,0.0100099661439326
"192",0.2,0.8,2,126.183645534702,7.9261543672194,0.00937162354772807
"193",0.2,0.8,3,126.848395822397,50.3746526785549,0.0195352799190377
"194",0.2,0.8,4,127.069979251629,23.4262302961855,0.00909307339888964
"195",0.2,0.8,5,132.831148411653,-12.6351218390207,0.00857093574007734
"196",0.2,0.8,6,120.067942887907,-7.99069675846687,0.00975996016158226
"197",0.2,0.8,7,123.568961069768,43.629092854285,0.00918944481765037
"198",0.2,0.8,8,128.62106325625,0.339342596713209,0.00830268495855899
"199",0.2,0.8,9,124.233711357463,-20.623302331691,0.0200276604228839
"200",0.2,0.8,10,129.019913428868,74.1014935340011,0.0206780076815957
"201",0.2,0.9,1,130.615314119336,-4.4823451187919,0.00449431813864108
"202",0.2,0.9,2,126.006378791316,91.9079896661674,0.0123791836215559
"203",0.2,0.9,3,132.476614924882,-16.2562469694968,0.00981404238392142
"204",0.2,0.9,4,126.892712508243,9.97604582788904,0.00993106771164874
"205",0.2,0.9,5,127.734729539324,-2.3351283845418,0.00735118020138537
"206",0.2,0.9,6,122.771260724533,109.518866306617,0.0161243725084765
"207",0.2,0.9,7,128.26652976948,8.32909734605914,0.00733263746765946
"208",0.2,0.9,8,128.62106325625,-45.427585001093,0.0224161036136881
"209",0.2,0.9,9,131.501647836263,21.9373957731418,0.0105538407388946
"210",0.2,0.9,10,129.950563831641,10.2284568166911,0.0158026073911098
"211",0.2,1,1,132.210714809804,-31.1901581983656,0.0148935460019424
"212",0.2,1,2,130.836897548567,7.17886629575787,0.009871324919139
"213",0.2,1,3,129.418763601485,25.7376879407594,0.0205682340733538
"214",0.2,1,4,132.653881668267,-7.09443664315106,0.00680919498743541
"215",0.2,1,5,135.53446624828,-26.5817718039897,0.0123101723150105
"216",0.2,1,6,132.476614924882,-4.19386388287148,0.00741668849782564
"217",0.2,1,7,132.25503149565,17.4696364438917,0.0133261516803857
"218",0.2,1,8,132.964098469192,56.7192075489193,0.0133423232214825
"219",0.2,1,9,128.177896397787,-4.33429172599443,0.00800896703971949
"220",0.2,1,10,126.44954564978,106.141305680416,0.0299596859348905
"221",0.3,0,1,69.4428706221838,150.62843732435,0.0157884477016125
"222",0.3,0,2,64.0503381657226,239.234656313079,0.0154586768080619
"223",0.3,0,3,60.4777854133171,87.5797536810923,0.0116776161616568
"224",0.3,0,4,66.7129010661003,42.2645521602016,0.00817317619700752
"225",0.3,0,5,53.8719331541521,123.087400389655,0.0118468632280606
"226",0.3,0,6,52.6586133514483,160.045240227118,0.0156663462919782
"227",0.3,0,7,58.1522557914681,195.367397682736,0.0171682917547734
"228",0.3,0,8,58.8937290042316,171.507890404344,0.0139555802300392
"229",0.3,0,9,57.343375922999,77.9429772420295,0.0143320483245295
"230",0.3,0,10,51.9171401386849,66.6254359931049,0.00981252253294035
"231",0.3,0.1,1,69.7462005728597,36.721463828895,0.00834759836933471
"232",0.3,0.1,2,80.4975621579293,34.1623261537645,0.00860715347111315
"233",0.3,0.1,3,87.3393377120644,85.1861605314591,0.011638188636938
"234",0.3,0.1,4,82.587168484808,257.649528679122,0.014535101261793
"235",0.3,0.1,5,74.3972598165575,219.12807883595,0.0154677321609484
"236",0.3,0.1,6,72.1728401782673,75.4886599320859,0.0102012339227234
"237",0.3,0.1,7,69.3417606386252,72.3513715973272,0.0116068586322068
"238",0.3,0.1,8,68.532880770156,40.8094125962327,0.0100398551061306
"239",0.3,0.1,9,82.6882784683666,125.873427810539,0.01260467250947
"240",0.3,0.1,10,63.1740516415476,137.316116441855,0.0136579122964286
"241",0.3,0.2,1,80.0257155679889,81.5739281663077,0.0149708752908212
"242",0.3,0.2,2,93.8440799876708,9.29724239090518,0.0176278049269798
"243",0.3,0.2,3,90.4063405466767,69.3128780512153,0.0099905966771324
"244",0.3,0.2,4,91.3500337265575,143.128182240716,0.0150091626747618
"245",0.3,0.2,5,94.9562898068159,92.8641137523628,0.0101425581850889
"246",0.3,0.2,6,82.0816185670148,52.1697420776964,0.0104847793372296
"247",0.3,0.2,7,81.9468052556032,144.870545840872,0.0169232661432356
"248",0.3,0.2,8,77.3294493397583,207.16926777474,0.0169449014914112
"249",0.3,0.2,9,83.5308616646887,98.8414382568882,0.0142273861321298
"250",0.3,0.2,10,80.9357054200168,98.4506023547153,0.012158197737056
"251",0.3,0.3,1,94.1137066104938,28.493319680582,0.00889817160389234
"252",0.3,0.3,2,90.2715272352652,152.42883695706,0.0155086170706967
"253",0.3,0.3,3,107.055784506001,140.33882483377,0.0195502319935656
"254",0.3,0.3,4,89.9344939567364,98.8383645730668,0.0138855477040937
"255",0.3,0.3,5,88.0808109248279,38.686309143982,0.0097978062694704
"256",0.3,0.3,6,93.6418600205535,52.0245369064648,0.0113015997238095
"257",0.3,0.3,7,93.8103766598179,88.6191178940938,0.0125387188157066
"258",0.3,0.3,8,93.3048267420246,20.9990626130304,0.0104597094231628
"259",0.3,0.3,9,83.5982683203945,112.770106589211,0.01567776345276
"260",0.3,0.3,10,89.3615373832374,29.460079263907,0.0092940652145677
"261",0.3,0.4,1,104.393221605623,46.7468110020966,0.0108315280119982
"262",0.3,0.4,2,103.584341737154,25.3109293820224,0.0114276389942005
"263",0.3,0.4,3,97.1807094451061,156.048029192739,0.0171935841898461
"264",0.3,0.4,4,108.538730931528,255.534273335916,0.0162858150376
"265",0.3,0.4,5,98.4951392313686,54.1797701566204,0.0100576612364459
"266",0.3,0.4,6,99.3040190998377,77.2501712148555,0.0143321018559205
"267",0.3,0.4,7,117.537519468247,41.0805758960357,0.0126181158835168
"268",0.3,0.4,8,116.425309649102,3.26236280651517,0.00881510835189657
"269",0.3,0.4,9,102.303615278744,1.53490363937203,0.00715314264859409
"270",0.3,0.4,10,104.528034917035,17.5130567743862,0.006586108255857
"271",0.3,0.5,1,111.201293831905,166.747822393479,0.019455582484914
"272",0.3,0.5,2,119.054169221627,101.388011717147,0.0181701676511662
"273",0.3,0.5,3,124.075965071706,-20.9594214099479,0.00907178827619836
"274",0.3,0.5,4,122.930051924708,11.0043187363455,0.00854999188847513
"275",0.3,0.5,5,117.5712227961,-63.8245029689533,0.0129928177393521
"276",0.3,0.5,6,113.257196830931,-5.83218016160703,0.0106195207973196
"277",0.3,0.5,7,114.167186682959,23.1268146423959,0.00714585576385959
"278",0.3,0.5,8,101.258812115305,170.205390010053,0.0172890463542653
"279",0.3,0.5,9,118.649729287392,213.85739617944,0.0184283979585727
"280",0.3,0.5,10,127.176671234172,-0.412443812931542,0.0065811517769037
"281",0.3,0.6,1,104.224704966359,119.025812424444,0.0162028549812143
"282",0.3,0.6,2,120.671928958565,17.9986811024275,0.00726586061868011
"283",0.3,0.6,3,116.324199665543,35.5934292164079,0.0106647739180592
"284",0.3,0.6,4,110.055380684907,46.5416177717667,0.00946152017612709
"285",0.3,0.6,5,116.964562894748,14.3042011274701,0.00871365931714571
"286",0.3,0.6,6,111.167590504052,24.1984113355753,0.0111836220487988
"287",0.3,0.6,7,113.223493503078,134.374972125426,0.0143514658399888
"288",0.3,0.6,8,112.043877028227,23.8107811313401,0.0144132143224684
"289",0.3,0.6,9,126.098164742879,270.771565137643,0.0207022840833968
"290",0.3,0.6,10,115.178286518545,-15.14524453824,0.0105192555283886
"291",0.3,0.7,1,127.27778121773,62.0009051445449,0.0129851646123474
"292",0.3,0.7,2,133.142160264132,5.66492366018957,0.00576841218808243
"293",0.3,0.7,3,127.918144446935,-2.79711096305243,0.00934023332823596
"294",0.3,0.7,4,124.446701678088,56.8671629126834,0.0113754166279017
"295",0.3,0.7,5,116.964562894748,9.35280819449929,0.0155991515256278
"296",0.3,0.7,6,117.267892845424,154.575495022599,0.0179117184450355
"297",0.3,0.7,7,131.659213838605,7.90375847391959,0.00587911515142792
"298",0.3,0.7,8,122.963755252561,13.5068284737811,0.00620537505931328
"299",0.3,0.7,9,130.277377396637,212.090662788572,0.0178863589961818
"300",0.3,0.7,10,115.414209813516,112.722315417085,0.0160167505958761
"301",0.3,0.8,1,129.468497528168,1.26527720653496,0.0138528040464394
"302",0.3,0.8,2,129.771827478844,-1.08484502159456,0.00915552938963976
"303",0.3,0.8,3,128.019254430494,-40.4287332042248,0.0124424929490308
"304",0.3,0.8,4,129.637014167432,118.552998772517,0.0150443243254725
"305",0.3,0.8,5,123.469305170355,94.3921819142058,0.0142795155772863
"306",0.3,0.8,6,120.098972385066,120.939434638613,0.0223523100466896
"307",0.3,0.8,7,124.210778383118,40.8979269846013,0.0101883630381202
"308",0.3,0.8,8,132.400687051368,73.6851914915678,0.0105684264911363
"309",0.3,0.8,9,131.591807182899,198.969432086166,0.0158218394614886
"310",0.3,0.8,10,121.952655416975,209.423559320668,0.0192325798842352
"311",0.3,0.9,1,127.378891201289,12.2517675482267,0.00922359560286562
"312",0.3,0.9,2,129.940344118108,59.661956891789,0.0312962019057646
"313",0.3,0.9,3,122.255985367651,44.0019058284699,0.0126049436676475
"314",0.3,0.9,4,134.119556771865,201.760576995,0.0395750035550065
"315",0.3,0.9,5,133.142160264132,-5.17793587311985,0.00711866284289596
"316",0.3,0.9,6,132.704017002044,12.2430745002805,0.0113443232040598
"317",0.3,0.9,7,130.513300691607,54.8659702763762,0.00994516928775378
"318",0.3,0.9,8,131.827730477869,114.202758856305,0.0179341437657043
"319",0.3,0.9,9,126.232978054291,178.786346548977,0.0164926491356477
"320",0.3,0.9,10,131.794027150017,65.7783554450192,0.0247584300320011
"321",0.3,1,1,130.78292731443,5.6023499591488,0.0053912715894493
"322",0.3,1,2,131.524400527193,87.6496308295299,0.0160796941248565
"323",0.3,1,3,131.153663920812,20.8198904958889,0.0119654404170093
"324",0.3,1,4,123.873745104589,246.751845270025,0.017554732922206
"325",0.3,1,5,132.265873739957,22.2775334189988,0.00818014254689682
"326",0.3,1,6,131.794027150017,4.24355269063796,0.00562757828981652
"327",0.3,1,7,132.097357100692,33.5180487021786,0.0149819373445197
"328",0.3,1,8,129.637014167432,64.5026870707553,0.0103408471693136
"329",0.3,1,9,136.343976410156,115.277867499855,0.0225022648149401
"330",0.3,1,10,131.187367248665,81.9904541769869,0.0150356236239523
"331",0.4,0,1,65.6290162576083,42.7322087340614,0.0104585208063577
"332",0.4,0,2,58.5686250181071,81.9890080990608,0.0100293837810808
"333",0.4,0,3,61.6575461853889,65.4442553136614,0.011776427263007
"334",0.4,0,4,61.21627173292,62.4242585181364,0.0123731736455134
"335",0.4,0,5,63.9227550413955,69.5234557729401,0.0095638517893809
"336",0.4,0,6,67.5706238484712,31.2849939491292,0.0082187809194495
"337",0.4,0,7,62.3341670125077,33.4984336314876,0.00725926541154479
"338",0.4,0,8,64.9229771336582,105.445202596232,0.0157955003236067
"339",0.4,0,9,65.8349443354271,57.4666275100227,0.00888500120902697
"340",0.4,0,10,57.9214224878195,47.0400940534169,0.00845441569226933
"341",0.4,0.1,1,75.4253091024163,52.8595135231656,0.0076936892286809
"342",0.4,0.1,2,80.2499097827422,147.360129850992,0.016502662521104
"343",0.4,0.1,3,62.8931146523016,139.313815526382,0.014310626964792
"344",0.4,0.1,4,67.7471336294587,140.626199405069,0.0163735276595369
"345",0.4,0.1,5,73.6013746988785,196.839959494233,0.0164818100285086
"346",0.4,0.1,6,65.8643626322584,165.599899383297,0.0144624619048808
"347",0.4,0.1,7,62.5400950903265,50.5057187636752,0.00768991632653923
"348",0.4,0.1,8,80.5440927510548,42.4753153222039,0.0111242117382943
"349",0.4,0.1,9,71.0125645777281,105.965544556268,0.0109949364086713
"350",0.4,0.1,10,84.1331249644679,32.6680201399594,0.00779779093711715
"351",0.4,0.2,1,78.6319034570232,91.6558267248572,0.0103857723800744
"352",0.4,0.2,2,92.2819931867256,28.3433697996669,0.00931430572237345
"353",0.4,0.2,3,86.4865887109683,45.4903109279132,0.0077241266115223
"354",0.4,0.2,4,79.7203804397796,183.593175528137,0.0147781447381611
"355",0.4,0.2,5,102.019449437871,2.29259893560811,0.00910236008244146
"356",0.4,0.2,6,86.9866997570997,13.2187565894069,0.00821283660436747
"357",0.4,0.2,7,81.1618769845111,42.0467805171678,0.00949669961600414
"358",0.4,0.2,8,89.3107452067689,96.1528355413617,0.0120185188989441
"359",0.4,0.2,9,83.3976675436865,70.8968310021622,0.0103631250719795
"360",0.4,0.2,10,83.0446479817115,188.437421643277,0.0157623527728967
"361",0.4,0.3,1,100.989809048777,139.312418200525,0.01517520334754
"362",0.4,0.3,2,97.8420512878329,234.107973697589,0.0183199552634918
"363",0.4,0.3,3,86.5160070077996,99.1384970299495,0.0122765105638592
"364",0.4,0.3,4,83.6624322151678,155.054120301499,0.0136657284882673
"365",0.4,0.3,5,105.04953401149,58.9278753638965,0.0103789811718511
"366",0.4,0.3,6,90.5463136736816,58.1009284808956,0.0125290619999758
"367",0.4,0.3,7,113.845604764036,16.3039308309159,0.00803903147701404
"368",0.4,0.3,8,105.402553573465,137.454810009624,0.0161772264757794
"369",0.4,0.3,9,97.4007768353641,73.8773803219576,0.0178893908668006
"370",0.4,0.3,10,83.0740662785427,103.875088439288,0.013691910993496
"371",0.4,0.4,1,102.343050703015,273.075266770747,0.0161808986237513
"372",0.4,0.4,2,103.078508123796,187.41406546983,0.0169038745522168
"373",0.4,0.4,3,121.494361940162,-12.199248192258,0.00923017224420324
"374",0.4,0.4,4,101.254573720259,37.6492101906478,0.00746987443075357
"375",0.4,0.4,5,105.961501213259,97.2672602928525,0.0105993446322726
"376",0.4,0.4,6,107.932527100953,245.842336406291,0.0187342294110197
"377",0.4,0.4,7,101.51933839174,-5.66252233819489,0.0126874455749502
"378",0.4,0.4,8,110.697847003091,9.08505177633538,0.00718551805763795
"379",0.4,0.4,9,110.756683596754,109.014728445823,0.0125469032896138
"380",0.4,0.4,10,95.547424134995,178.895956210158,0.0179275479747456
"381",0.4,0.5,1,120.611813035224,20.8657524930431,0.00780162184588437
"382",0.4,0.5,2,101.578174985402,84.7706217106414,0.015022499250189
"383",0.4,0.5,3,119.052643303168,62.1083928875113,0.0169644681809235
"384",0.4,0.5,4,110.756683596754,206.25991759685,0.0246478732804759
"385",0.4,0.5,5,111.786323985848,217.874405779711,0.015763878378212
"386",0.4,0.5,6,109.02100408371,11.6498222960929,0.0110970759028629
"387",0.4,0.5,7,105.696736541778,226.390979196356,0.016887826544788
"388",0.4,0.5,8,109.932971285479,144.532271055126,0.0162541588336662
"389",0.4,0.5,9,116.846271040824,-29.5712390357401,0.00947411776566902
"390",0.4,0.5,10,99.8424954723583,172.345095264263,0.0148325260501521
"391",0.4,0.6,1,113.845604764036,192.167059575483,0.0186407315441924
"392",0.4,0.6,2,130.319850989539,245.540338066625,0.021274933906476
"393",0.4,0.6,3,126.377799214151,52.383780213976,0.00984266191638404
"394",0.4,0.6,4,116.493251478849,100.504267368328,0.0120311658002199
"395",0.4,0.6,5,125.524668606044,238.291315651667,0.0209737468875639
"396",0.4,0.6,6,119.905773911274,266.235033522092,0.0189340508822204
"397",0.4,0.6,7,111.60981420486,16.1944394577112,0.0112549336358081
"398",0.4,0.6,8,117.758238242593,68.2367120148845,0.0135444475571916
"399",0.4,0.6,9,129.17253741312,-8.55375159054006,0.00869912674467038
"400",0.4,0.6,10,123.377132937362,27.815086450946,0.00971699120169081
"401",0.4,0.7,1,127.260348119088,53.8099495366941,0.0123159501572709
"402",0.4,0.7,2,128.643008070157,5.76417214141264,0.00504374890357467
"403",0.4,0.7,3,119.464499458806,95.4109055707889,0.0164591603536923
"404",0.4,0.7,4,119.935192208106,154.008643436175,0.0162812096340401
"405",0.4,0.7,5,128.848936147976,7.43522955381133,0.00665596720891075
"406",0.4,0.7,6,120.199956879587,9.56207744133064,0.0127612007597148
"407",0.4,0.7,7,128.525334882832,199.423054444988,0.0165485177656553
"408",0.4,0.7,8,130.34926928637,-8.98711010332534,0.0083163982318633
"409",0.4,0.7,9,125.406995418719,90.8482380173734,0.0140065084601838
"410",0.4,0.7,10,131.967275612089,-23.0010007405159,0.00987258704461182
"411",0.4,0.8,1,126.083616245838,62.2723205546336,0.0137884834431516
"412",0.4,0.8,2,126.466054104644,40.0171007578913,0.0152292196853168
"413",0.4,0.8,3,128.025223836701,41.7675564202334,0.00850521465268937
"414",0.4,0.8,4,134.614922326902,-5.84734538791963,0.00833183348574564
"415",0.4,0.8,5,130.202177802214,109.272548882521,0.0173807362020076
"416",0.4,0.8,6,134.085392983939,-57.6411051709121,0.013617899429178
"417",0.4,0.8,7,121.494361940162,43.5634654716533,0.0124275489536977
"418",0.4,0.8,8,127.731040868388,197.235761458863,0.0204442311858452
"419",0.4,0.8,9,129.260792303614,278.229840309351,0.0195202513810368
"420",0.4,0.8,10,130.261014395876,-26.941687462465,0.0097320568367572
"421",0.4,0.9,1,131.320073081801,259.333091971623,0.0226986787096093
"422",0.4,0.9,2,132.908661110689,175.464175878248,0.0179938346896254
"423",0.4,0.9,3,136.262346949452,108.90655833405,0.0234818481722875
"424",0.4,0.9,4,128.760681257482,131.85954170062,0.0188184792044325
"425",0.4,0.9,5,130.937635222995,39.6182659979478,0.00845562492585484
"426",0.4,0.9,6,125.818851574357,44.3578110907972,0.00991155549538923
"427",0.4,0.9,7,129.672648459251,28.4102905799953,0.0118304769669529
"428",0.4,0.9,8,137.115477557559,57.1206850834322,0.0116085317383116
"429",0.4,0.9,9,126.760237072957,258.922049907628,0.0170836647016328
"430",0.4,0.9,10,131.261236488139,169.873216848605,0.0245581846292747
"431",0.4,1,1,132.202621986739,234.284199177817,0.0522468836535949
"432",0.4,1,2,130.643452254683,245.931453777391,0.0238023081936653
"433",0.4,1,3,130.496360770526,99.9084423978059,0.412590006374254
"434",0.4,1,4,130.672870551514,10.4914172408572,0.0068227184886312
"435",0.4,1,5,131.143563300814,137.397847277664,0.0218722115890376
"436",0.4,1,6,128.525334882832,202.428039367631,0.0200640360786749
"437",0.4,1,7,132.820406220195,72.1033118233631,0.0120953404550945
"438",0.4,1,8,131.849602424764,1.77782365898497,0.00785792339513099
"439",0.4,1,9,132.614478142377,125.883842962763,0.0131029453202181
"440",0.4,1,10,137.409660525871,249.459561626717,0.0259108303035265
"441",0.5,0,1,62.5117828433896,26.9434593604116,0.00753867230603785
"442",0.5,0,2,63.2155874168036,94.9468641998076,0.0125657617604201
"443",0.5,0,3,62.483630660453,26.5572877623516,0.00628010903520876
"444",0.5,0,4,64.9328705759338,27.2470658209093,0.00676218942097703
"445",0.5,0,5,60.6818909525132,31.059052345497,0.00748998663517632
"446",0.5,0,6,69.4372198457834,24.3205250672357,0.0067050890823623
"447",0.5,0,7,60.0062385620357,52.3709644948547,0.00968151927309023
"448",0.5,0,8,59.5276514521142,66.7987946809534,0.00980804289192933
"449",0.5,0,9,64.2853703683929,29.9685427232021,0.00706275166378896
"450",0.5,0,10,63.4408048802961,74.6911185654907,0.0111533978284698
"451",0.5,0.1,1,77.8828747267515,64.9228301954877,0.0202350446415135
"452",0.5,0.1,2,74.2793953108717,34.6821301481418,0.00805782440702336
"453",0.5,0.1,3,67.6354801378435,33.8265304502529,0.00688052444912218
"454",0.5,0.1,4,78.2770052878633,58.2316969746105,0.00892318593100332
"455",0.5,0.1,5,85.3432032049399,21.9254137748489,0.00592893401364537
"456",0.5,0.1,6,71.2952639195964,27.9514615994781,0.00790212153270102
"457",0.5,0.1,7,74.7579824207933,21.8812279416529,0.00730316761064226
"458",0.5,0.1,8,74.392004042618,30.3015754749746,0.00738262955048036
"459",0.5,0.1,9,71.0981986390404,52.1272756311988,0.0110006624532363
"460",0.5,0.1,10,72.3931990541222,82.3765446534183,0.0116265653093801
"461",0.5,0.2,1,85.2587466561302,21.3293876513477,0.00780101671660213
"462",0.5,0.2,2,103.642122113704,245.194891251099,0.0182158861210021
"463",0.5,0.2,3,77.4605919827031,36.439814071432,0.00617435130223618
"464",0.5,0.2,4,92.0715749267778,31.0959896400153,0.00836337498626244
"465",0.5,0.2,5,90.8047266946326,-8.70919156108721,0.00908559162802901
"466",0.5,0.2,6,77.0664614215912,37.1161255361543,0.0077456840803551
"467",0.5,0.2,7,78.4459183854827,98.5586849415145,0.0143303422259632
"468",0.5,0.2,8,76.3908090311138,64.0306761336305,0.010042076243811
"469",0.5,0.2,9,79.0371142271504,72.3241286631388,0.0103754571318723
"470",0.5,0.2,10,82.0493978013623,61.0445945839914,0.010678322696524
"471",0.5,0.3,1,100.263860161317,135.972992055299,0.0138539723308271
"472",0.5,0.3,2,102.684947893861,178.750307954825,0.0148909065770843
"473",0.5,0.3,3,98.7436422827425,160.741266349889,0.0167137875890998
"474",0.5,0.3,4,101.924838954574,47.4045473060668,0.00814613790199465
"475",0.5,0.3,5,88.2710302303421,77.9351047331355,0.0103857098642945
"476",0.5,0.3,6,107.921253920061,-8.72126855947067,0.00988965981871638
"477",0.5,0.3,7,91.3677703533638,73.4955279202245,0.0115171835204433
"478",0.5,0.3,8,100.376468893063,230.903817226604,0.0177096116723965
"479",0.5,0.3,9,112.341146641101,34.1863621523869,0.00969351215368499
"480",0.5,0.3,10,101.502556210525,49.5623589484684,0.011604996416704
"481",0.5,0.4,1,102.825708808544,11.5797316189695,0.00709558865658212
"482",0.5,0.4,2,95.8721196232134,131.28442491473,0.0153885196106854
"483",0.5,0.4,3,102.994621906163,155.579457620236,0.0199069102587772
"484",0.5,0.4,4,113.551690507373,169.797910174603,0.0164215321727571
"485",0.5,0.4,5,112.876038116896,226.034261545814,0.0184473367273038
"486",0.5,0.4,6,111.665494250624,162.189332834363,0.0167005256047874
"487",0.5,0.4,7,113.692451422056,0.308559079746487,0.0070835084129825
"488",0.5,0.4,8,104.908970345849,23.148305007193,0.00675482811503768
"489",0.5,0.4,9,110.398646018478,186.674319373042,0.0138387225822754
"490",0.5,0.4,10,112.059624811735,150.810019969498,0.0151368044951494
"491",0.5,0.5,1,120.758649339133,21.6774886316467,0.0110886168969896
"492",0.5,0.5,2,116.479517532775,87.3863337580358,0.0189764203264175
"493",0.5,0.5,3,122.954519608184,-17.0455346870842,0.0093466351040921
"494",0.5,0.5,4,123.038976156994,1.20810797965873,0.00775034801773692
"495",0.5,0.5,5,114.508864727216,-8.52444137875091,0.0102668536726336
"496",0.5,0.5,6,106.907775334345,84.6327697400114,0.0137500016544606
"497",0.5,0.5,7,112.51005973872,28.7377577350449,0.012259355743894
"498",0.5,0.5,8,116.28245225222,87.6411567784462,0.0170639139451621
"499",0.5,0.5,9,116.169843520473,187.855109774827,0.015663897233717
"500",0.5,0.5,10,114.987451837138,-3.55946684492528,0.00917952757636134
"501",0.5,0.6,1,114.931147471265,173.057293732873,0.0183473525062343
"502",0.5,0.6,2,123.067128339931,172.089308280132,0.0191538416849727
"503",0.5,0.6,3,120.843105887942,222.300040660937,0.0194964542627463
"504",0.5,0.6,4,130.696369915738,186.611298476297,0.0195851147930859
"505",0.5,0.6,5,114.39625599547,152.513585438337,0.0140387805970528
"506",0.5,0.6,6,115.043756203011,110.277372164803,0.0138918913568443
"507",0.5,0.6,7,116.873648093887,41.1150003133492,0.00946662618130689
"508",0.5,0.6,8,123.545715449852,232.83215116277,0.0173438092100933
"509",0.5,0.6,9,126.135716280016,7.39007998509965,0.00591494229726698
"510",0.5,0.6,10,110.342341652605,54.6248091900669,0.0121022135141664
"511",0.5,0.7,1,126.135716280016,-6.53702055568783,0.0171464498706199
"512",0.5,0.7,2,120.364518778021,15.6390289844145,0.00666181999421228
"513",0.5,0.7,3,129.542130415339,244.212881982985,0.0195022187887573
"514",0.5,0.7,4,124.925172413743,38.2732737372227,0.00849878391973551
"515",0.5,0.7,5,128.359738732004,19.1491971194961,0.00817596500591577
"516",0.5,0.7,6,125.713433535967,96.7208676128168,0.0200873241676786
"517",0.5,0.7,7,132.272892160186,4.20772104874231,0.00772147942780165
"518",0.5,0.7,8,125.882346633587,119.852056300249,0.0176856684540209
"519",0.5,0.7,9,120.561584058577,209.681514091567,0.0193371590839442
"520",0.5,0.7,10,129.682891330022,267.671032206289,0.0194180719854774
"521",0.5,0.8,1,122.560389047072,50.9805271536663,0.0112528884777758
"522",0.5,0.8,2,129.204304220101,253.44181159726,0.0164634041808002
"523",0.5,0.8,3,134.384305880428,214.259057645791,0.0209268169687371
"524",0.5,0.8,4,129.767347878832,-9.14010604806504,0.00902024244320432
"525",0.5,0.8,5,124.756259316124,40.9685907045766,0.0144427512520857
"526",0.5,0.8,6,127.712238524463,68.3672660928769,0.0148679416754696
"527",0.5,0.8,7,131.118652659787,6.64394082276164,0.00645072750714475
"528",0.5,0.8,8,130.527456818119,219.247628509026,0.0221088617368177
"529",0.5,0.8,9,133.539740392331,153.395873551478,0.0198856011899431
"530",0.5,0.8,10,127.796695073273,57.2548908054563,0.01210180577802
"531",0.5,0.9,1,130.696369915738,13.7797123756227,0.0069515241394447
"532",0.5,0.9,2,132.469957440742,30.0153099735749,0.00992590153081118
"533",0.5,0.9,3,133.314522928838,-10.80378165939,0.00862313019933526
"534",0.5,0.9,4,134.412458063364,15.6003997888621,0.00820951187107769
"535",0.5,0.9,5,124.643650584378,7.41907116387733,0.00850623888972567
"536",0.5,0.9,6,130.780826464548,74.7824230673206,0.016152199087081
"537",0.5,0.9,7,131.569087586772,-25.8607184989967,0.0129584933616487
"538",0.5,0.9,8,135.679306295509,241.921373761618,0.024652973568071
"539",0.5,0.9,9,134.046479685189,13.8414960658341,0.0069673221644263
"540",0.5,0.9,10,126.867673036366,178.042775412819,0.0165797703039262
"541",0.5,1,1,130.696369915738,192.38764315093,0.0198240555208249
"542",0.5,1,2,131.878761599074,-49.423908083335,0.0142366592782614
"543",0.5,1,3,131.287565757406,168.556635680043,0.0192115308909823
"544",0.5,1,4,125.431911706602,9.54079078484665,0.00888080278009412
"545",0.5,1,5,133.905718770506,32.684565066908,0.00935719218886016
"546",0.5,1,6,131.935065964947,96.6193696115236,0.014884396639692
"547",0.5,1,7,133.455283843521,57.0592329405033,0.020552223798449
"548",0.5,1,8,134.440610246301,-12.5330048366021,0.00882999345992585
"549",0.5,1,9,133.230066380029,-40.3687050504035,0.0120869651665128
"550",0.5,1,10,133.398979477648,119.675588433988,0.0162300832979657
"551",0.6,0,1,58.1776982208877,56.3677466996518,0.0107680333477716
"552",0.6,0,2,69.9680578505961,22.3762335438424,0.00668269962277812
"553",0.6,0,3,64.6273751470401,56.3223817739311,0.00930161618834253
"554",0.6,0,4,62.8179635206987,69.7600660055493,0.010713399277335
"555",0.6,0,5,58.7905634491647,21.360066577814,0.00737680356461497
"556",0.6,0,6,51.8447575286929,46.2092448177315,0.00891698808637624
"557",0.6,0,7,59.6369011453566,22.1351997767846,0.00757504001080719
"558",0.6,0,8,66.2324983639558,27.4614413212112,0.0069937599725443
"559",0.6,0,9,59.5201649113991,34.2323492699893,0.00750089376119839
"560",0.6,0,10,64.5106389130826,69.8688590129221,0.0114304666542049
"561",0.6,0.1,1,78.6940913389198,53.2243083782207,0.0105800548737813
"562",0.6,0.1,2,69.5886650902342,28.2346009451549,0.00761388899481258
"563",0.6,0.1,3,89.8132176233725,14.5042914689176,0.00532943599906231
"564",0.6,0.1,4,77.8185695842385,79.49078428653,0.01252980639218
"565",0.6,0.1,5,70.7852114882986,21.8094251696798,0.00603785309636411
"566",0.6,0.1,6,75.8924217239396,48.3042035102642,0.00988484123443923
"567",0.6,0.1,7,77.5267289993447,68.0752685783173,0.00990122922643071
"568",0.6,0.1,8,65.7363693696364,38.6797272730302,0.00736625685490867
"569",0.6,0.1,9,68.7715114525316,6.76629148476707,0.00729394171767259
"570",0.6,0.1,10,74.374850682492,18.3842346602131,0.00602917452670485
"571",0.6,0.2,1,83.0133319953476,107.624979238782,0.0122704711327523
"572",0.6,0.2,2,84.9102957971571,44.3619719966529,0.0110590372768311
"573",0.6,0.2,3,79.5987971520905,86.7303166727245,0.0132020805853089
"574",0.6,0.2,4,76.6512072446634,55.0858077249914,0.00973306346606572
"575",0.6,0.2,5,82.1961783576451,28.1500718129049,0.00712285612844434
"576",0.6,0.2,6,100.815607673868,111.976691383672,0.0116394770476487
"577",0.6,0.2,7,85.1437682650721,71.8669336523203,0.0102108380667694
"578",0.6,0.2,8,81.8751537142619,35.8049133502968,0.00774223433435042
"579",0.6,0.2,9,93.3736727590765,14.3067829441012,0.00701026687196062
"580",0.6,0.2,10,93.490408993034,132.030103875548,0.0161927176431602
"581",0.6,0.3,1,105.86444979253,119.881014643938,0.01213272876721
"582",0.6,0.3,2,108.987144050893,26.4907401086559,0.0107788111156357
"583",0.6,0.3,3,97.3718887721211,48.6227143370518,0.00742583339585188
"584",0.6,0.3,4,95.0663481514603,43.6910273298295,0.00752293308745944
"585",0.6,0.3,5,105.251584564253,19.5848258818145,0.00668679510465697
"586",0.6,0.3,6,112.314126718682,4.00672808916443,0.00647491977461933
"587",0.6,0.3,7,106.039554143466,147.475053870736,0.0181691487444292
"588",0.6,0.3,8,110.884107852703,1.29336998003907,0.00768982389401809
"589",0.6,0.3,9,107.615493301892,230.418578539241,0.0198198579639582
"590",0.6,0.3,10,102.245626539847,15.2839701567277,0.00580413124014997
"591",0.6,0.4,1,103.99667004921,169.365879789492,0.0186731575095155
"592",0.6,0.4,2,100.377846796527,23.803308586239,0.00671644952576036
"593",0.6,0.4,3,105.572609207636,26.5668661470835,0.0068595129376522
"594",0.6,0.4,4,93.4028568175658,41.7367713422275,0.00737764365337683
"595",0.6,0.4,5,104.609535277487,180.610067591038,0.0183569315064686
"596",0.6,0.4,6,110.621451326298,102.452158149307,0.0149548398203612
"597",0.6,0.4,7,113.072912239406,13.30648269827,0.00607734624851623
"598",0.6,0.4,8,108.578567232042,47.332907505345,0.0106171253159611
"599",0.6,0.4,9,107.73222953585,9.84572941501892,0.006282935331991
"600",0.6,0.4,10,113.452304999768,82.5670068564359,0.00965816162503129
"601",0.6,0.5,1,100.873975790846,100.840926319937,0.014030019276251
"602",0.6,0.5,2,119.580957282537,12.8029938341281,0.0058506052240457
"603",0.6,0.5,3,121.010976148517,94.2911649898639,0.012241201308427
"604",0.6,0.5,4,120.544031212686,153.586144586269,0.0183198552096091
"605",0.6,0.5,5,109.891849864064,137.34869738515,0.0149843775922386
"606",0.6,0.5,6,108.228358530169,93.0646788085564,0.013379941190009
"607",0.6,0.5,7,112.255758601703,11.169544619648,0.00611816530754711
"608",0.6,0.5,8,113.977618052577,6.89415663475893,0.00743483078128242
"609",0.6,0.5,9,107.586309243403,136.638105058764,0.0157497822135419
"610",0.6,0.5,10,108.957959992404,-2.19968142741845,0.00801781196798739
"611",0.6,0.6,1,120.310558744771,62.1715731429858,0.0100045389576973
"612",0.6,0.6,2,115.903765912876,58.4416572164494,0.0111569786706943
"613",0.6,0.6,3,124.980008103072,5.89764121976373,0.00688756032778929
"614",0.6,0.6,4,111.584525256448,141.699601729031,0.0166435662664599
"615",0.6,0.6,5,112.86862382998,61.337923009009,0.010191763100482
"616",0.6,0.6,6,126.701867553945,3.41475994497057,0.00649224729382911
"617",0.6,0.6,7,117.625625363749,207.702832132765,0.0174137623129418
"618",0.6,0.6,8,119.697693516495,26.2848571999269,0.00687852076178888
"619",0.6,0.6,9,109.103880284851,22.2154639653362,0.00947961086545918
"620",0.6,0.6,10,119.726877574984,3.66027062794444,0.00717260596662554
"621",0.6,0.7,1,124.746535635157,150.026378471236,0.018270774299627
"622",0.6,0.7,2,124.629799401199,185.306671631068,0.0160695422988648
"623",0.6,0.7,3,125.680425506817,200.177640194153,0.0174478404363023
"624",0.6,0.7,4,119.318300756133,11.6693445905735,0.00699614996060733
"625",0.6,0.7,5,125.738793623796,166.510007756033,0.0173456934176923
"626",0.6,0.7,6,125.446953038902,6.98249795537004,0.00652261886387277
"627",0.6,0.7,7,122.557731248454,6.34826450162109,0.00691941449054499
"628",0.6,0.7,8,119.522589165558,11.0977770471761,0.00957862104492213
"629",0.6,0.7,9,121.623841376793,-4.9417609679881,0.0109536928968656
"630",0.6,0.7,10,123.258148652199,9.87236324798255,0.00590067953488664
"631",0.6,0.8,1,130.6708995085,18.750170614089,0.0216086644726906
"632",0.6,0.8,2,129.561905285904,11.8905568538824,0.00674400295487965
"633",0.6,0.8,3,132.801335778225,219.810752144256,0.0290293452622511
"634",0.6,0.8,4,125.446953038902,10.8261375854136,0.00615502682088702
"635",0.6,0.8,5,119.201564522175,119.379878901097,0.0151685714129776
"636",0.6,0.8,6,129.240880642521,29.2730368125858,0.00878535865979654
"637",0.6,0.8,7,121.273632674921,7.37118514199767,0.00672027333258464
"638",0.6,0.8,8,130.729267625479,252.994091669229,0.0188507139887566
"639",0.6,0.8,9,121.915681961687,36.5710927669456,0.00770653902791848
"640",0.6,0.8,10,124.162854465369,22.7054506061855,0.00841304310105705
"641",0.6,0.9,1,130.554163274543,-12.6544763075431,0.0115399368077156
"642",0.6,0.9,2,132.013366199012,16.496576223677,0.00995710598011152
"643",0.6,0.9,3,127.89841395201,155.119350973138,0.0144557761282032
"644",0.6,0.9,4,133.355832889523,233.209435221866,0.0196893015358997
"645",0.6,0.9,5,126.410026969051,8.50393113676864,0.00594467943549886
"646",0.6,0.9,6,125.797161740774,89.7335677602845,0.0123000901804197
"647",0.6,0.9,7,127.840045835031,107.477302138798,0.0188478272282273
"648",0.6,0.9,8,131.458869087714,54.4291345267195,0.0120936406829724
"649",0.6,0.9,9,132.188470549948,222.701630517382,0.0191649386962267
"650",0.6,0.9,10,135.427901042269,-4.86664354722632,0.00840300750652143
"651",0.6,1,1,133.560121298949,9.7146595870754,0.0101483179519257
"652",0.6,1,2,135.953214095078,-22.9505022888698,0.0119216327154615
"653",0.6,1,3,131.692341555629,20.2911331762639,0.00661752074111933
"654",0.6,1,4,132.509495193331,69.4309700559114,0.0132198672216369
"655",0.6,1,5,135.019324223417,9.35980022260253,0.00728023210888255
"656",0.6,1,6,132.421943017863,154.738195626234,0.022052295627753
"657",0.6,1,7,133.530937240459,-47.395539826958,0.0130057772169682
"658",0.6,1,8,126.585131319988,10.8606186732735,0.00695845194548396
"659",0.6,1,9,134.027066234779,70.4988479244024,0.0188357836033937
"660",0.6,1,10,133.647673474417,-34.601449394737,0.0164515890856183
"661",0.7,0,1,55.1416796217066,4.60665127687537,0.00755907505382002
"662",0.7,0,2,63.4141765347951,24.3125836896128,0.00696333974610738
"663",0.7,0,3,59.4433780165126,14.0963388432034,0.00660348394127491
"664",0.7,0,4,55.8696593500584,23.1545031261816,0.0063646008282585
"665",0.7,0,5,57.3917987820667,30.2358014915835,0.00681044849929394
"666",0.7,0,6,57.9212385845044,30.8466074062777,0.00702311825651832
"667",0.7,0,7,63.3479965594904,68.479598737761,0.0114929964580128
"668",0.7,0,8,58.6823083005085,17.5472630305626,0.00871310368007168
"669",0.7,0,9,59.1124781399891,40.4152891049249,0.0089338806359972
"670",0.7,0,10,58.3183184363326,36.4532246050625,0.00787591732094686
"671",0.7,0.1,1,75.1611221513807,25.5816633475931,0.0069709391270551
"672",0.7,0.1,2,72.0837532997118,31.4731809583147,0.0123511481857231
"673",0.7,0.1,3,68.7085745591717,53.7196198369858,0.00903127149139014
"674",0.7,0.1,4,80.2569802498432,83.2762369073612,0.0128718367491925
"675",0.7,0.1,5,67.616604966644,30.2193227048263,0.00687715207711301
"676",0.7,0.1,6,65.6973856828075,22.2063678352914,0.00638933300135343
"677",0.7,0.1,7,61.9913070657439,19.2844196796415,0.00566212588235706
"678",0.7,0.1,8,69.9329041023088,48.4044828168682,0.0092944104216736
"679",0.7,0.1,9,78.271580990702,19.7738424899649,0.00662393137791562
"680",0.7,0.1,10,71.1572336454459,35.1074902893251,0.00820880710824442
"681",0.7,0.2,1,93.2282554095659,44.3707874303567,0.0102508682173932
"682",0.7,0.2,2,95.015114742793,146.379801120982,0.0173897420564291
"683",0.7,0.2,3,95.015114742793,138.983379667362,0.0174153506282609
"684",0.7,0.2,4,68.0136848184723,28.5936809277471,0.00692575169615944
"685",0.7,0.2,5,81.9776596077656,14.117721709981,0.00720336471076866
"686",0.7,0.2,6,92.9966254959995,16.633797059378,0.00754054485370573
"687",0.7,0.2,7,78.1723110277449,26.9184129038234,0.00697454507805007
"688",0.7,0.2,8,94.0885950885271,46.1361562121893,0.00740176441454778
"689",0.7,0.2,9,70.7601537936177,22.5626239947158,0.00925015682986124
"690",0.7,0.2,10,98.0263036191572,135.854303690021,0.0165281869537884
"691",0.7,0.3,1,93.8569651749606,98.5114133666386,0.013850310245879
"692",0.7,0.3,2,99.2506331622943,26.5403994027488,0.00745758900547792
"693",0.7,0.3,3,102.857441816401,31.8069470932893,0.00866877422617061
"694",0.7,0.3,4,93.0628054713042,34.0889978803423,0.00873965070809578
"695",0.7,0.3,5,102.063282112744,27.6013084026933,0.00814702021589855
"696",0.7,0.3,6,102.361092001616,125.449035084142,0.0139804953662914
"697",0.7,0.3,7,110.004879149309,9.49662820639003,0.00681972669181455
"698",0.7,0.3,8,85.5844682618722,15.3842732406756,0.00863592839283306
"699",0.7,0.3,9,93.1951654219136,27.0892803858985,0.00658002716771016
"700",0.7,0.3,10,100.044792865951,51.6496203621908,0.0101466182882825
"701",0.7,0.4,1,112.221908322017,144.399843830622,0.016035674470298
"702",0.7,0.4,2,113.710957766373,75.3263918850835,0.0173374845360866
"703",0.7,0.4,3,99.4491730882085,117.120855238294,0.0162389941587921
"704",0.7,0.4,4,114.571297445334,-18.0729229424198,0.0105368305513324
"705",0.7,0.4,5,101.037492495521,54.7955926539836,0.0133068465078315
"706",0.7,0.4,6,109.806339223395,8.47374785178147,0.00665947282048173
"707",0.7,0.4,7,105.603910791546,-14.020823599033,0.00929293795231094
"708",0.7,0.4,8,100.640412643693,42.2176558732245,0.00988822709880122
"709",0.7,0.4,9,108.251109803735,153.830885788632,0.016958518113231
"710",0.7,0.4,10,102.328002013963,12.262993362662,0.00666572099541277
"711",0.7,0.5,1,113.545507828111,-33.5524076587501,0.0136299324238027
"712",0.7,0.5,2,101.566932297959,34.5065375704322,0.00699142748098806
"713",0.7,0.5,3,107.390770124773,17.3178262932516,0.00621046884223278
"714",0.7,0.5,4,106.067170618679,7.8722935278638,0.00672938868112209
"715",0.7,0.5,5,119.038445778402,19.3272195428394,0.00706652243896888
"716",0.7,0.5,6,123.141604247294,21.8791734842725,0.00721458071368962
"717",0.7,0.5,7,114.438937494725,-0.159114703089017,0.00744190296563889
"718",0.7,0.5,8,103.651601520057,27.7307585906642,0.00593677418873431
"719",0.7,0.5,9,100.342602754822,123.21117635102,0.0161053898347865
"720",0.7,0.5,10,113.777137741678,117.808835588363,0.0174449053241881
"721",0.7,0.6,1,114.008767655244,90.6484711657121,0.0151318739125034
"722",0.7,0.6,2,111.129938729489,9.51595128962208,0.00620251225148421
"723",0.7,0.6,3,113.81022772933,22.5373161871689,0.00584259737740078
"724",0.7,0.6,4,106.596610421117,50.9016894873055,0.0138609329603741
"725",0.7,0.6,5,126.549872975486,30.715193167531,0.00928606880863655
"726",0.7,0.6,6,109.210719445653,73.0822490655935,0.0125718201332823
"727",0.7,0.6,7,117.483216358741,148.622949607071,0.0163203416456777
"728",0.7,0.6,8,112.221908322017,151.722545757025,0.0173405399812181
"729",0.7,0.6,9,110.964488791228,75.5246573811289,0.0128206688452419
"730",0.7,0.6,10,122.016544667114,201.998636694963,0.0193779705195763
"731",0.7,0.7,1,128.965442074108,199.172395899047,0.0210333206393191
"732",0.7,0.7,2,115.927986939081,22.5859788307786,0.00562637684336678
"733",0.7,0.7,3,131.976630950472,-44.3153161627488,0.0153805009487263
"734",0.7,0.7,4,115.464727111948,44.3726847296689,0.00752726569232902
"735",0.7,0.7,5,131.579551098644,20.6632119390016,0.0108032032962816
"736",0.7,0.7,6,127.277852703838,20.4213377962423,0.00710654118552862
"737",0.7,0.7,7,127.608752580362,15.4179222441608,0.00575951407293149
"738",0.7,0.7,8,113.876407704635,12.4035279809598,0.00641162722509303
"739",0.7,0.7,9,123.93576395095,11.5708596164052,0.00615005721924751
"740",0.7,0.7,10,126.781502889053,11.1468845408201,0.00915776743911605
"741",0.7,0.8,1,119.600975568492,73.6071206122543,0.0105172364010544
"742",0.7,0.8,2,123.93576395095,78.4599597919649,0.0151493327270789
"743",0.7,0.8,3,128.105102395147,28.7689912106252,0.0080580290236378
"744",0.7,0.8,4,124.432113765736,30.818626586505,0.0104446723397199
"745",0.7,0.8,5,129.230161975327,7.96396712014064,0.00854335329494671
"746",0.7,0.8,6,128.99853206176,154.900096143332,0.0188403092453342
"747",0.7,0.8,7,133.134780518305,166.940838174478,0.0311402925568302
"748",0.7,0.8,8,128.502182246975,19.0278741392585,0.00640035586684763
"749",0.7,0.8,9,121.8180047412,107.602154299214,0.0194319708148774
"750",0.7,0.8,10,125.557173345916,150.479262418083,0.0188692961118182
"751",0.7,0.9,1,129.263251962979,206.878683951754,0.0194588148724906
"752",0.7,0.9,2,129.064712037065,125.793541822401,0.049782365133838
"753",0.7,0.9,3,127.277852703838,68.5968314358756,0.0121205239482186
"754",0.7,0.9,4,127.972742444537,5.58393065097539,0.00692772351510845
"755",0.7,0.9,5,128.634542197585,53.11321297018,0.0157362663707379
"756",0.7,0.9,6,127.807292506276,186.233216632426,0.0245377904615773
"757",0.7,0.9,7,134.259840098485,16.860237623335,0.00620459107911225
"758",0.7,0.9,8,134.292930086137,144.492781396068,0.0818287656316331
"759",0.7,0.9,9,129.991231691331,151.044315885193,0.0169004311111844
"760",0.7,0.9,10,130.950841333249,8.86678521764429,0.0173642392648908
"761",0.7,1,1,129.395611913589,53.325128731979,0.00978951237040784
"762",0.7,1,2,133.730400296047,-9.15426624731845,0.00887614305455731
"763",0.7,1,3,130.222861604898,12.3904055381573,0.00599901935120188
"764",0.7,1,4,132.340620814648,-27.7645057753077,0.0133672488161739
"765",0.7,1,5,133.333320444219,145.212554587059,0.0198653906772688
"766",0.7,1,6,129.031622049413,60.517105559009,0.0102928915534746
"767",0.7,1,7,132.373710802301,2.96285668709618,0.00694179089348777
"768",0.7,1,8,125.093913518783,-16.5283357936044,0.0138227744066512
"769",0.7,1,9,134.789279900922,151.24243382081,0.02024460268276
"770",0.7,1,10,126.218973098963,32.5514655278691,0.00867648229589826
"771",0.8,0,1,48.6462560454518,20.4281928303512,0.00574282901398809
"772",0.8,0,2,53.8225341697462,16.9471952479822,0.00595246730544093
"773",0.8,0,3,52.0258095315614,23.2194253815468,0.00662304165103909
"774",0.8,0,4,58.1432291330002,6.54061150344523,0.00683419580347089
"775",0.8,0,5,62.5067032543063,19.126472604039,0.00667306733589591
"776",0.8,0,6,54.2075465922144,14.3992704418192,0.00594393396055448
"777",0.8,0,7,48.2612436229836,17.7035736539436,0.00658305656861313
"778",0.8,0,8,51.8119137413013,20.9322497763764,0.00684835229627993
"779",0.8,0,9,49.8012933128563,14.6454163473946,0.00564362304879638
"780",0.8,0,10,46.0795065623305,2.58593948798352,0.00841609834734538
"781",0.8,0.1,1,56.2609461787114,14.7594508954763,0.00693415261465904
"782",0.8,0.1,2,73.2014927673114,-14.885124125833,0.00970145550751784
"783",0.8,0.1,3,70.8486390744502,28.2733362321427,0.00797958100890956
"784",0.8,0.1,4,73.8431801380917,1.60493338134097,0.0070250454617243
"785",0.8,0.1,5,72.1320138160109,7.11379841308258,0.00668903794279085
"786",0.8,0.1,6,84.8802029155129,39.79433877386,0.00928057877433102
"787",0.8,0.1,7,66.2284900048321,20.8276385188301,0.00644323781708858
"788",0.8,0.1,8,77.6933043627735,11.4851177643144,0.00594812740508604
"789",0.8,0.1,9,58.0148916588442,9.58500622280974,0.00610747982655757
"790",0.8,0.1,10,80.5595079522588,41.846837135596,0.0097923073782992
"791",0.8,0.2,1,93.4788136839689,-1.69633504092849,0.0143073797788556
"792",0.8,0.2,2,86.4202526053856,15.7969438421935,0.00611107444888312
"793",0.8,0.2,3,91.3398557813679,12.8516133228568,0.00615070772565597
"794",0.8,0.2,4,90.5698309364316,31.8449565887727,0.00928378853837642
"795",0.8,0.2,5,89.9709227237033,72.3451562520219,0.0136076889319346
"796",0.8,0.2,6,80.2172746878427,6.06849582202392,0.00747958428224261
"797",0.8,0.2,7,78.0355376271896,13.5608565045437,0.0100515446781978
"798",0.8,0.2,8,80.0461580556346,19.8376133181516,0.00643170585709522
"799",0.8,0.2,9,78.4205500496578,7.01994692084543,0.007029451693839
"800",0.8,0.2,10,84.0673989125245,5.84051580485482,0.00707717775845933
"801",0.8,0.3,1,100.109583182032,16.3273073935594,0.00694725211146513
"802",0.8,0.3,2,90.3131559881194,14.7157362193866,0.00671878732993527
"803",0.8,0.3,3,91.553751571628,-15.3662174444033,0.00978997038826085
"804",0.8,0.3,4,86.1207984990215,24.238880423575,0.0101993384880613
"805",0.8,0.3,5,93.9493844225412,71.0489354001619,0.0115894398348995
"806",0.8,0.3,6,114.183926181147,1.59653693316,0.00721376263580851
"807",0.8,0.3,7,84.7946445994088,35.3829109715969,0.00844946880481107
"808",0.8,0.3,8,88.2597564016225,28.5313417795826,0.00852363001770069
"809",0.8,0.3,9,84.1957363866806,19.5586872066824,0.00599202894220537
"810",0.8,0.3,10,96.3022381154023,12.9923096453708,0.00578671320152858
"811",0.8,0.4,1,109.734893743737,8.87190888448174,0.00744291082737313
"812",0.8,0.4,2,106.697573522043,15.106774145441,0.00727567112857333
"813",0.8,0.4,3,113.114447229846,69.3304600565065,0.0149150294284554
"814",0.8,0.4,4,88.9442229304548,47.2111812898125,0.0093950376206994
"815",0.8,0.4,5,102.804670139309,16.6666600667685,0.00624983617682003
"816",0.8,0.4,6,90.2275976720154,75.5724633901571,0.012368302343515
"817",0.8,0.4,7,100.323478972292,19.5652284161474,0.00931188276976206
"818",0.8,0.4,8,107.852610789448,67.559305286413,0.0103069319333469
"819",0.8,0.4,9,101.906307820217,42.5685953725468,0.00950579407634555
"820",0.8,0.4,10,103.916928248662,15.4758301173971,0.00666623121827964
"821",0.8,0.5,1,117.4351421931,69.7974502763137,0.0126665893822848
"822",0.8,0.5,2,103.87414909061,31.2915630951933,0.00984222109119716
"823",0.8,0.5,3,105.927548677107,-5.79951222104705,0.0108801515567489
"824",0.8,0.5,4,100.366258130344,16.0233592301498,0.00549322529341535
"825",0.8,0.5,5,103.916928248662,61.1105082664536,0.0111181915240332
"826",0.8,0.5,6,108.494298160228,14.7264792902633,0.00545425930491417
"827",0.8,0.5,7,119.830775044013,-17.6592140346279,0.0103896084968259
"828",0.8,0.5,8,96.3877964315063,12.2089294486865,0.0117411054042895
"829",0.8,0.5,9,116.15176745154,63.4772944234214,0.0111365253393795
"830",0.8,0.5,10,109.734893743737,11.7695875122918,0.0105357894053395
"831",0.8,0.6,1,111.317722591661,45.8238068568187,0.0108273208861709
"832",0.8,0.6,2,124.793157378048,1.0665679173178,0.00725116557456933
"833",0.8,0.6,3,106.911469312303,-83.1534316148181,0.0228747767903962
"834",0.8,0.6,4,120.558020730898,8.66122189476027,0.0060018151678821
"835",0.8,0.6,5,128.172710864157,-46.7603300085264,0.0149720557354761
"836",0.8,0.6,6,118.632958618557,14.7264792902633,0.0143909500610795
"837",0.8,0.6,6,118.632958618557,92.1697902665281,0.0143909500610795
"838",0.8,0.6,7,105.585315412691,-8.87547571884159,0.0101377671824896
"839",0.8,0.6,8,120.344124940638,12.2251584117602,0.00568410514903524
"840",0.8,0.6,9,118.932412724921,25.5629172788834,0.00711976065029396
"841",0.8,0.6,10,117.905712931672,9.40228862158801,0.00615853057115075
"842",0.8,0.7,1,121.156928943626,114.994837998292,0.0150099439846135
"843",0.8,0.7,2,120.60079988895,0.610882594517193,0.0073961373738904
"844",0.8,0.7,3,118.718516934661,-13.3875933155819,0.0110444393909421
"845",0.8,0.7,4,121.499162208042,10.8418338398585,0.0058586010010888
"846",0.8,0.7,5,123.424224320383,4.91945731753174,0.00617468059731934
"847",0.8,0.7,6,120.429683256742,69.5968412172779,0.016225086778317
"848",0.8,0.7,7,129.755539712082,11.3784182340802,0.00818341970478855
"849",0.8,0.7,8,123.467003478435,14.8728936924354,0.00758294870762146
"850",0.8,0.7,9,115.681196712967,30.0966569257009,0.00675649809395688
"851",0.8,0.7,10,120.771916521158,115.06397676378,0.0230105257194066
"852",0.8,0.8,1,123.980353375059,26.8378179376379,0.0240923056807378
"853",0.8,0.8,2,120.515241572846,68.5340395097436,0.012536376687939
"854",0.8,0.8,3,116.665117348164,46.7612607551747,0.0115143430738337
"855",0.8,0.8,4,126.932115280649,-14.4308426418241,0.00912983067035711
"856",0.8,0.8,5,121.541941366094,10.8438105752094,0.00606675634890449
"857",0.8,0.8,6,116.280104925696,-28.2078717819802,0.0114699992876243
"858",0.8,0.8,7,126.718219490389,-25.6377784291627,0.0106779770422751
"859",0.8,0.8,8,124.322586639476,121.751605526026,0.0179083434000645
"860",0.8,0.8,9,121.114149785574,18.3088480915889,0.00524930530224813
"861",0.8,0.8,10,124.450924113632,38.8413662985578,0.00955830145234736
"862",0.8,0.9,1,133.3062098304,-123.704910417324,0.0254536708718897
"863",0.8,0.9,2,125.734298855192,104.506955473785,0.0191339747420464
"864",0.8,0.9,3,122.996432739863,22.1146555410041,0.00597218541464198
"865",0.8,0.9,4,125.605961381036,18.3369370475313,0.00602406818608086
"866",0.8,0.9,5,118.846854408817,33.6863493568111,0.00994414608899933
"867",0.8,0.9,6,129.541643921822,-0.872103666199223,0.00872453845979425
"868",0.8,0.9,7,122.568641159343,51.9236810948358,0.014351836295695
"869",0.8,0.9,8,130.012214660394,-0.649609179481104,0.00718032755080517
"870",0.8,0.9,9,126.418765384024,70.1960815515815,0.0150383527455191
"871",0.8,0.9,10,121.45638304999,11.1703658926403,0.00614176188670396
"872",0.8,1,1,126.204869593764,18.2010476836092,0.00615791521470194
"873",0.8,1,2,119.360204305441,92.0168686239434,0.014991250416449
"874",0.8,1,3,123.253107688175,56.1454329005905,0.0112159305832674
"875",0.8,1,4,130.311668766758,108.226137827686,0.0148492814059203
"876",0.8,1,5,131.038914453643,121.980028277442,0.0191897701085305
"877",0.8,1,6,131.980055930787,-6.66883441492951,0.0082560264244243
"878",0.8,1,7,128.686060760782,35.7630131180138,0.0101520135906059
"879",0.8,1,8,131.509485192215,104.710959833295,0.018805849446478
"880",0.8,1,9,130.611122873122,7.6690315321157,0.00777964931595814
"881",0.8,1,10,131.295589401955,104.908503451242,0.0164250880030495
"882",0.9,0,1,49.4253617440576,-6.09195457893327,0.00862843851142373
"883",0.9,0,2,55.907482793333,18.1417810617393,0.00717461999453314
"884",0.9,0,3,43.671568902566,12.2197071209823,0.00596621762364398
"885",0.9,0,4,62.0254397387165,20.6792063231279,0.00774590471579382
"886",0.9,0,5,45.3467237804686,19.1662178965194,0.00577440569273484
"887",0.9,0,6,57.4369720296789,16.1929663194907,0.00509629177070331
"888",0.9,0,7,51.3918479050738,9.65954517683485,0.00620450297687645
"889",0.9,0,8,41.4137514584364,14.1076764285012,0.00525980543469196
"890",0.9,0,9,53.5039997076466,17.9583000244783,0.00593205926462676
"891",0.9,0,10,44.9097268557984,9.95123207724907,0.00655545355888816
"892",0.9,0.1,1,52.3386745751926,-26.8448883870512,0.0125208788346435
"893",0.9,0.1,2,50.4450212349549,20.6632408305931,0.00621903039780676
"894",0.9,0.1,3,70.7653782321215,-15.6126412245371,0.0130645355439349
"895",0.9,0.1,4,59.8404551153653,-71.8501018899582,0.0184986158186863
"896",0.9,0.1,5,52.0473432920791,5.66669118333471,0.00679371210745408
"897",0.9,0.1,6,63.7734274373975,12.5646964333778,0.00578482805912452
"898",0.9,0.1,7,55.7618171517763,16.2810178383534,0.00552662618413834
"899",0.9,0.1,8,57.1456407465654,-3.98919617948377,0.00809807719118453
"900",0.9,0.1,9,66.5410746269758,17.0720092932089,0.00715153438424087
"901",0.9,0.1,10,49.9351914895063,14.7154533006085,0.00550720369016011
"902",0.9,0.2,1,68.4347279672135,17.7051240841164,0.00636760001926014
"903",0.9,0.2,2,61.151445889376,-9.81539695209574,0.0110548723530899
"904",0.9,0.2,3,74.7711833749321,27.5422380425534,0.00738946164763048
"905",0.9,0.2,4,81.0348059618724,15.9076319839323,0.00611005037294797
"906",0.9,0.2,5,70.1098828451161,-8.2625281136817,0.00943764877347521
"907",0.9,0.2,6,71.639372081462,14.2175923099065,0.00620923941496283
"908",0.9,0.2,7,63.7005946166191,12.7998808055196,0.006423097821306
"909",0.9,0.2,8,89.8475772760558,26.6413471313728,0.0123863317281212
"910",0.9,0.2,9,67.7792325802081,26.311852714577,0.00693032721098214
"911",0.9,0.2,10,67.1965700139811,7.77851776589398,0.00662149551831048
"912",0.9,0.3,1,90.6487383046179,20.602326121314,0.00627796944878229
"913",0.9,0.3,2,68.4347279672135,27.3839361648457,0.0075282367130353
"914",0.9,0.3,3,80.6706418579805,4.6063776072117,0.0099066622638761
"915",0.9,0.3,4,102.738986553828,10.5567998083525,0.00577521896478685
"916",0.9,0.3,5,94.4360449850934,-13.2628350979847,0.00872371233517322
"917",0.9,0.3,6,87.0070972656991,7.61944436323142,0.00609377756136848
"918",0.9,0.3,7,81.544635707321,35.972332200438,0.0080589194106684
"919",0.9,0.3,8,56.7086438218951,13.269490075051,0.00610890235237898
"920",0.9,0.3,9,78.4128244138509,8.76945141707051,0.00657846224103322
"921",0.9,0.3,10,100.699667572034,34.8180057963048,0.00982940787824791
"922",0.9,0.4,1,87.4440941903694,13.3482971106092,0.00585421091384859
"923",0.9,0.4,2,95.2372060136555,5.53054186577356,0.0109893994185737
"924",0.9,0.4,3,95.7470357591041,7.81695224238126,0.0060040009809371
"925",0.9,0.4,4,101.427995779817,-40.7565028993549,0.0137294139283342
"926",0.9,0.4,5,88.1724223981531,7.63837508409779,0.00670303986250678
"927",0.9,0.4,6,110.022268631666,26.3139187611009,0.0152727851709527
"928",0.9,0.4,7,105.870797847298,3.81807589141727,0.00681600600870158
"929",0.9,0.4,8,89.8475772760558,37.0353144462465,0.0097358405656501
"930",0.9,0.4,9,89.701911634499,-6.30014037465821,0.00829647661397024
"931",0.9,0.4,10,98.2961844863473,23.9700881338377,0.00813179154268786
"932",0.9,0.5,1,111.333259405676,67.0152963077383,0.015621742985435
"933",0.9,0.5,2,112.352918896574,3.74303610950449,0.00691298613399073
"934",0.9,0.5,3,108.05578247065,10.6886941416204,0.00641328195714456
"935",0.9,0.5,4,113.372578387471,1.4114484585856,0.00810625166758492
"936",0.9,0.5,5,101.209497317482,35.1229709523083,0.0097303178771633
"937",0.9,0.5,6,91.44989933318,22.4222980771706,0.0095323960770755
"938",0.9,0.5,7,96.693862429223,6.04058169188841,0.0063876427178703
"939",0.9,0.5,8,86.8614316241424,-1.57130755483956,0.00959963026624148
"940",0.9,0.5,9,103.10315065772,22.4697297707314,0.00717253101367477
"941",0.9,0.5,10,95.8927014006609,45.5540620879569,0.0110270559697664
"942",0.9,0.6,1,103.685813223947,5.10549649051359,0.00743899032383966
"943",0.9,0.6,2,101.136664496704,8.11359061627434,0.00613036706654431
"944",0.9,0.6,3,113.372578387471,0.790206368818303,0.00637865820359224
"945",0.9,0.6,4,104.923971177179,-18.8535800054314,0.0118862029781102
"946",0.9,0.6,5,98.5146829486824,15.2567913064441,0.00669294999199577
"947",0.9,0.6,6,99.4615096188013,-5.15531839769869,0.00879406737266436
"948",0.9,0.6,7,105.36096810185,-0.930315604868383,0.00751441302619939
"949",0.9,0.6,8,106.67195887586,11.116833741117,0.00633406239927317
"950",0.9,0.6,9,109.439606065439,44.5033978958068,0.0109457952106549
"951",0.9,0.6,10,101.573661421374,36.5908217851945,0.00812553822676232
"952",0.9,0.7,1,110.750596839449,39.403236071161,0.00925596477545981
"953",0.9,0.7,2,116.722888143276,58.4028658793667,0.0118141050885102
"954",0.9,0.7,3,108.05578247065,25.0396337567079,0.00786920104649881
"955",0.9,0.7,4,101.209497317482,-2.29993094766712,0.00808681949403236
"956",0.9,0.7,5,98.1505188447905,8.03383915825043,0.00615945429888631
"957",0.9,0.7,6,112.571417358909,16.095588041774,0.00627109816501523
"958",0.9,0.7,7,103.612980403169,11.8840320544682,0.00607138582515564
"959",0.9,0.7,8,110.095101452444,12.6420010564229,0.00726915255325873
"960",0.9,0.7,9,119.344869691298,37.1904180556255,0.00994278243694886
"961",0.9,0.7,10,109.803770169331,15.6499700495118,0.00691232178215362
"962",0.9,0.8,1,124.15183586267,0.705203188351675,0.0070117198552352
"963",0.9,0.8,2,113.591076849806,32.7459985037283,0.00810877620619378
"964",0.9,0.8,3,120.728693286087,1.10852222672054,0.00739014993125202
"965",0.9,0.8,4,116.358724039384,52.4644398769766,0.00984746007734787
"966",0.9,0.8,5,111.770256330347,45.9607249409567,0.0107626651118565
"967",0.9,0.8,6,116.577222501719,30.5958862069167,0.0101917122550469
"968",0.9,0.8,7,108.274280932985,15.1517709259756,0.00563099887081138
"969",0.9,0.8,8,114.610736340703,-30.7814652418911,0.0189234720216964
"970",0.9,0.8,9,111.915921971903,10.5593803510652,0.00592264517410876
"971",0.9,0.8,10,115.994559935492,-32.5249746709912,0.0122276014648757
"972",0.9,0.9,1,102.156323987601,10.2584719589311,0.0069177918128388
"973",0.9,0.9,2,122.331015343211,38.0738526099188,0.00933392887807509
"974",0.9,0.9,3,116.868553784833,15.308254385263,0.00558969740448852
"975",0.9,0.9,4,125.53565945746,-3.87252523153222,0.00770627510998989
"976",0.9,0.9,5,121.311355852314,26.1343334045079,0.00803332606637534
"977",0.9,0.9,6,119.126371228962,46.1426223562465,0.0148944326319485
"978",0.9,0.9,7,104.341308610952,21.4362123574324,0.009861227507582
"979",0.9,0.9,8,124.952996891233,20.7370121586396,0.008427534201603
"980",0.9,0.9,9,120.801526106865,28.1157539572991,0.00952111944365489
"981",0.9,0.9,10,125.53565945746,10.3344392415898,0.00568478088594124
"982",0.9,1,1,121.894018418541,4.55607181160974,0.00715308900699084
"983",0.9,1,2,125.244328174346,40.0082043384566,0.0108743937792645
"984",0.9,1,3,123.059343550995,32.4534373069208,0.00822769991041606
"985",0.9,1,4,119.636200974411,33.5732476125416,0.00884526518266861
"986",0.9,1,5,118.907872766627,17.6673090486142,0.00999544757692837
"987",0.9,1,6,115.848894293936,-0.335962715892038,0.00680773664025544
"988",0.9,1,7,119.199204049741,13.9359336704571,0.00682197576122741
"989",0.9,1,8,116.140225577049,15.8994371244539,0.00633195510170962
"990",0.9,1,9,115.339064548487,17.9914733027476,0.00538192945386762
"991",0.9,1,10,121.894018418541,44.4211294320028,0.0114596426688866
